Threads,Time_Seconds,Speedup
1,0.109998211,1
2,0.043894742,2.505954
4,0.023900757,4.602290
8,0.025260935,4.354479
16,0.022473681,4.894535
24,0.022975197,4.787694
